query	entity	predicate	sparql_query
In which state is the Channel district?	Channel_District	state	0.9999999999999997	 SELECT DISTINCT ?uri WHERE { <http://dbpedia.org/resource/Channel_District> <http://dbpedia.org/ontology/state> ?uri } 
Where can one find the Dzogchen Ponolop Rinpoche?	Dzogchen	subject	0.4257857743087352	 SELECT DISTINCT ?uri WHERE { <http://dbpedia.org/resource/Dzogchen_Ponlop_Rinpoche> <http://dbpedia.org/property/location> ?uri } 
What is the route end of Birmingham and Oxford Junction Railway ?	Birmingham	point	0.6216999452866661	 SELECT DISTINCT ?uri WHERE { <http://dbpedia.org/resource/Birmingham_and_Oxford_Junction_Railway> <http://dbpedia.org/ontology/routeEnd> ?uri } 
Where did Whitney Wistert debut?	Whitney_Museum_of_American_Art	point	0.5438458213179703	 SELECT DISTINCT ?uri WHERE { <http://dbpedia.org/resource/Whitey_Wistert> <http://dbpedia.org/property/debutteam> ?uri } 
Who are the current members of Insects vs Robots?	Robot	v	0.5777021543886033	 SELECT DISTINCT ?uri WHERE { <http://dbpedia.org/resource/Insects_vs_Robots> <http://dbpedia.org/property/currentMembers> ?uri } 
Name the nationalteam of Trn Vit Hng ?			-inf	 SELECT DISTINCT ?uri WHERE { <http://dbpedia.org/resource/Trần_Việt_Hương> <http://dbpedia.org/property/nationalteam> ?uri } 
Whihc uni did Joshua A. Siegel attend ?	Joshua	name	0.4006836754650699	 SELECT DISTINCT ?uri WHERE { <http://dbpedia.org/resource/Joshua_A._Siegel> <http://dbpedia.org/property/education> ?uri } 
Name the nearest city to David W. Brown House ?	City	discuss	0.48895087699956136	 SELECT DISTINCT ?uri WHERE { <http://dbpedia.org/resource/David_W._Brown_House> <http://dbpedia.org/ontology/nearestCity> ?uri } 
where did Deion Sanders debut?	Deion_Sanders	name	0.4883619333099096	 SELECT DISTINCT ?uri WHERE { <http://dbpedia.org/resource/Deion_Sanders> <http://dbpedia.org/property/debutteam> ?uri } 
What cities are nearer to Fuountain Lake Farm?			-inf	 SELECT DISTINCT ?uri WHERE { <http://dbpedia.org/resource/Fountain_Lake_Farm> <http://dbpedia.org/property/nearestCity> ?uri } 
Who are the characters of Batman Live?	Batman_Live	name	0.44684798056840896	 SELECT DISTINCT ?uri WHERE { <http://dbpedia.org/resource/Batman_Live> <http://dbpedia.org/property/characters> ?uri } 
what awards have been given to A. Peter Dewey?	John_Dewey	years	0.6083738960982424	 SELECT DISTINCT ?uri WHERE { <http://dbpedia.org/resource/A._Peter_Dewey> <http://dbpedia.org/ontology/award> ?uri } 
what has been developed by John Fanning?			-inf	 SELECT DISTINCT ?uri WHERE {?uri <http://dbpedia.org/ontology/developer> <http://dbpedia.org/resource/John_Fanning_(businessman)> } 
What is the faith of Kwai Chang Caine ?	Kwai_Chang_Caine	religion	0.7162142737244739	 SELECT DISTINCT ?uri WHERE { <http://dbpedia.org/resource/Kwai_Chang_Caine> <http://dbpedia.org/ontology/religion> ?uri } 
List the ethnicity of Riley Reid?	Riley_Reid	ethnicity	0.9999999999999996	 SELECT DISTINCT ?uri WHERE { <http://dbpedia.org/resource/Riley_Reid> <http://dbpedia.org/property/ethnicity> ?uri } 
How many things are written in C++?			-inf	SELECT DISTINCT COUNT(?uri) WHERE {?uri <http://dbpedia.org/property/programmingLanguage> <http://dbpedia.org/resource/C++>  . }
What are the hubs of PLUS Helicopter Services, a highway helicopter unit of PLUS Expressways?	PLUS_Expressways	opening	0.5086233166098554	 SELECT DISTINCT ?uri WHERE { <http://dbpedia.org/resource/PLUS_Expressways> <http://dbpedia.org/property/hubs> ?uri } 
Who is the partner of Rob Patterson?	Rob_Patterson	partner	1.0	SELECT DISTINCT ?uri WHERE {?uri <http://dbpedia.org/property/partner> <http://dbpedia.org/resource/Rob_Patterson>  . }
To which american football teams does the Heinz Field serve as home stadium?	Association_football	first	0.660270074985968	 SELECT DISTINCT ?uri WHERE { <http://dbpedia.org/resource/Heinz_Field> <http://dbpedia.org/property/tenants> ?uri } 
In which city did The Ultimate Fighter: Team Rousey vs. Team Tate take place ?	Ronda_Rousey	team	0.6891101331266094	 SELECT DISTINCT ?uri WHERE { <http://dbpedia.org/resource/The_Ultimate_Fighter:_Team_Rousey_vs._Team_Tate> <http://dbpedia.org/property/city> ?uri } 
Where was Sino-French War fought ?	Sino-French_War	place	0.4982410072355928	 SELECT DISTINCT ?uri WHERE { <http://dbpedia.org/resource/Sino-French_War> <http://dbpedia.org/ontology/territory> ?uri } 
Who did Daniel Gibson marry?	Daniel_Gibson	spouse	0.5492850626929531	SELECT DISTINCT ?uri WHERE {?uri <http://dbpedia.org/ontology/spouse> <http://dbpedia.org/resource/Daniel_Gibson>  . }
Name the team manger of Middlebrough F.C season 2006-07 ?	Manger	subject	0.4114652955766543	 SELECT DISTINCT ?uri WHERE { <http://dbpedia.org/resource/2006–07_Middlesbrough_F.C._season> <http://dbpedia.org/ontology/manager> ?uri } 
Which companies were behind the renovation of McKechnie Field ?			-inf	 SELECT DISTINCT ?uri WHERE { <http://dbpedia.org/resource/McKechnie_Field> <http://dbpedia.org/property/architect> ?uri } 
Who was the coach of marquette Golden Eagles men's basketball team-2012,13 season ?	Basketball	first	0.660270074985968	 SELECT DISTINCT ?uri WHERE { <http://dbpedia.org/resource/2012–13_Marquette_Golden_Eagles_men's_basketball_team> <http://dbpedia.org/ontology/coach> ?uri } 
List the ingredient of Blodpalt ?	Blodpalt	ingredient	0.9999999999999999	 SELECT DISTINCT ?uri WHERE { <http://dbpedia.org/resource/Blodpalt> <http://dbpedia.org/ontology/ingredient> ?uri } 
Who composed the music for Tonight's the Night ?	The_Tonight_Show	genre	0.5339869606350238	 SELECT DISTINCT ?uri WHERE { <http://dbpedia.org/resource/Tonight's_the_Night_(2003_musical)> <http://dbpedia.org/property/music> ?uri } 
Name the source of Raa ?			-inf	 SELECT DISTINCT ?uri WHERE { <http://dbpedia.org/resource/Raša_(river)> <http://dbpedia.org/ontology/source> ?uri } 
Who is the producer of  Frampton's Camel ?	Record_producer	name	0.4548057633438909	 SELECT DISTINCT ?uri WHERE { <http://dbpedia.org/resource/Frampton's_Camel> <http://dbpedia.org/property/producer> ?uri } 
Name the directors of Lennon Legend: The Very Best of John Lennon (DVD) ?	Lennon_Legend:_The_Very_Best_of_John_Lennon	name	0.6214198142498423	 SELECT DISTINCT ?uri WHERE { <http://dbpedia.org/resource/Lennon_Legend:_The_Very_Best_of_John_Lennon_(DVD)> <http://dbpedia.org/ontology/director> ?uri } 
To which country is Svetlana Navasardyan from?	Svetlana_Navasardyan	name	0.4548057633438909	 SELECT DISTINCT ?uri WHERE { <http://dbpedia.org/resource/Svetlana_Navasardyan> <http://dbpedia.org/property/origin> ?uri } 
Who is the owner of  Chelsea F.C. ?	Yorkshire_Carnegie	position	0.48254203488046865	 SELECT DISTINCT ?uri WHERE { <http://dbpedia.org/resource/Chelsea_F.C.> <http://dbpedia.org/property/owner> ?uri } 
In which country is Sierra del Merendin?			-inf	SELECT DISTINCT ?uri WHERE { <http://dbpedia.org/resource/Sierra_del_Merendón> <http://dbpedia.org/ontology/country> ?uri  . }
Which is the university of Vanderbilt Commodores ?	Vanderbilt_Commodores_football	location	0.41550204219129666	 SELECT DISTINCT ?uri WHERE { <http://dbpedia.org/resource/Vanderbilt_Commodores> <http://dbpedia.org/ontology/university> ?uri } 
Where was  William Anthony  trained ?			-inf	 SELECT DISTINCT ?uri WHERE { <http://dbpedia.org/resource/William_Anthony_(artist)> <http://dbpedia.org/ontology/training> ?uri } 
What is the municipality of Homestead Grays Bridge ?	Homestead_Grays_Bridge	municipality	0.9999999999999999	 SELECT DISTINCT ?uri WHERE { <http://dbpedia.org/resource/Homestead_Grays_Bridge> <http://dbpedia.org/ontology/municipality> ?uri } 
Who is the narrator of The Incredible Hulk , 1982 TV series ?	Hulk_in_other_media	tv	0.7071197875688762	 SELECT DISTINCT ?uri WHERE { <http://dbpedia.org/resource/The_Incredible_Hulk_(1982_TV_series)> <http://dbpedia.org/property/narrated> ?uri } 
What is the content licence of MSX BASIC ?	MSX_BASIC	license	0.789530120971911	 SELECT DISTINCT ?uri WHERE { <http://dbpedia.org/resource/MSX_BASIC> <http://dbpedia.org/property/license> ?uri } 
What are the central characters in spy kids series?			-inf	SELECT DISTINCT ?uri WHERE {?uri <http://dbpedia.org/ontology/series> <http://dbpedia.org/resource/Spy_Kids_(franchise)>  . }
who owns the ship Victoria?			-inf	 SELECT DISTINCT ?uri WHERE { <http://dbpedia.org/resource/Victoria_(ship)> <http://dbpedia.org/ontology/owner> ?uri } 
What is the purpose of New Zealand Chess Federation ?	New_Zealand_Chess_Federation	purpose	0.9999999999999998	 SELECT DISTINCT ?uri WHERE { <http://dbpedia.org/resource/New_Zealand_Chess_Federation> <http://dbpedia.org/property/purpose> ?uri } 
Who operates twin Cities 400 ?	Twin_Cities_400	operator	0.5234420115356145	 SELECT DISTINCT ?uri WHERE { <http://dbpedia.org/resource/Twin_Cities_400> <http://dbpedia.org/ontology/operatedBy> ?uri } 
Which are the countires where Pioneer Corporation has flourished?	Pioneer_Corporation	location	0.5198077779100817	 SELECT DISTINCT ?uri WHERE { <http://dbpedia.org/resource/Pioneer_Corporation> <http://dbpedia.org/property/country> ?uri } 
What is the currency of Kerguelen Islands ?	Kerguelen_Islands	currency	0.9999999999999993	 SELECT DISTINCT ?uri WHERE { <http://dbpedia.org/resource/Kerguelen_Islands> <http://dbpedia.org/ontology/currency> ?uri } 
Who is the leader of Hackweiser ?			-inf	 SELECT DISTINCT ?uri WHERE { <http://dbpedia.org/resource/Hackweiser> <http://dbpedia.org/property/leaderName> ?uri } 
What is the relegious affiliations of Katyayana ?	Kātyāyana	name	0.4548057633438909	 SELECT DISTINCT ?uri WHERE { <http://dbpedia.org/resource/Katyayana_(Buddhist)> <http://dbpedia.org/property/religion> ?uri } 
who all have been a manager of english under twenty one football team?	Association_football	teams	0.8550007105977337	 SELECT DISTINCT ?uri WHERE {?uri <http://dbpedia.org/property/managerclubs> <http://dbpedia.org/resource/England_national_under-21_football_team> } 
What is the serving railway line of Warwick railway station, Perth ?			-inf	 SELECT DISTINCT ?uri WHERE { <http://dbpedia.org/resource/Warwick_railway_station,_Perth> <http://dbpedia.org/ontology/servingRailwayLine> ?uri } 
which movies have been published by Cinema International Corporation?	Cinema_International_Corporation	studio	0.28843318761771825	 SELECT DISTINCT ?uri WHERE {?uri <http://dbpedia.org/ontology/distributor> <http://dbpedia.org/resource/Cinema_International_Corporation> } 
Where was Special 26 recorded ?	Special_26	music	0.46760669411078115	 SELECT DISTINCT ?uri WHERE { <http://dbpedia.org/resource/Special_26> <http://dbpedia.org/property/recorded> ?uri } 
To which nation did David Animle Hanses owe his allegiance?			-inf	 SELECT DISTINCT ?uri WHERE { <http://dbpedia.org/resource/David_Animle_Hansen> <http://dbpedia.org/property/allegiance> ?uri } 
Who directed The Haunted House ?			-inf	 SELECT DISTINCT ?uri WHERE { <http://dbpedia.org/resource/The_Haunted_House_(1929_film)> <http://dbpedia.org/ontology/director> ?uri } 
What is the birth name  of Putri Raemawasti ?	Putri_Raemawasti	name	0.9999999999999993	 SELECT DISTINCT ?uri WHERE { <http://dbpedia.org/resource/Putri_Raemawasti> <http://dbpedia.org/property/birthName> ?uri } 
Who was the United States president who also served as a governor of Indiana Territory?	Indiana	place	0.6418197703568261	 SELECT DISTINCT ?uri WHERE {?uri <http://dbpedia.org/property/branch> <http://dbpedia.org/resource/Indiana_Territory> } 
Who designed the language integrated query?	Language_Integrated_Query	designer	0.4866727916818975	SELECT DISTINCT ?uri WHERE { <http://dbpedia.org/resource/Language_Integrated_Query> <http://dbpedia.org/ontology/designer> ?uri  . }
Name the debut team of Dan Otero ?	Dan_Otero	team	0.9999999999999998	 SELECT DISTINCT ?uri WHERE { <http://dbpedia.org/resource/Dan_Otero> <http://dbpedia.org/ontology/debutTeam> ?uri } 
Who founded the Not on our Watch NGO?	Non-governmental_organization	subject	0.4114652955766543	 SELECT DISTINCT ?uri WHERE { <http://dbpedia.org/resource/Not_on_Our_Watch_(organization)> <http://dbpedia.org/ontology/foundedBy> ?uri } 
Which company owns Sony bank ?	Sony	subsidiary	0.6710411074177901	 SELECT DISTINCT ?uri WHERE { <http://dbpedia.org/resource/Sony_Bank> <http://dbpedia.org/ontology/owningCompany> ?uri } 
Who is the writer of mark twain Tonight ?	Mark_Twain_Tonight	author	0.7648786416951218	 SELECT DISTINCT ?uri WHERE { <http://dbpedia.org/resource/Mark_Twain_Tonight> <http://dbpedia.org/property/writer> ?uri } 
To which political party does Virendra Kataria belongs ?	Virendra_Kataria	party	0.9999999999999996	 SELECT DISTINCT ?uri WHERE { <http://dbpedia.org/resource/Virendra_Kataria> <http://dbpedia.org/property/party> ?uri } 
Who is the narrator of The Price of Beauty ?			-inf	 SELECT DISTINCT ?uri WHERE { <http://dbpedia.org/resource/The_Price_of_Beauty> <http://dbpedia.org/ontology/narrator> ?uri } 
Who operates Liverpool Playhouse ?	Liverpool_Playhouse	operator	0.5234420115356145	 SELECT DISTINCT ?uri WHERE { <http://dbpedia.org/resource/Liverpool_Playhouse> <http://dbpedia.org/ontology/operatedBy> ?uri } 
To which series does Lost special belong to ?			-inf	 SELECT DISTINCT ?uri WHERE { <http://dbpedia.org/resource/The_Lost_Special> <http://dbpedia.org/property/series> ?uri } 
Where Everybody knows you is the theme album of which show ?	Concept_album	name	0.4548057633438909	 SELECT DISTINCT ?uri WHERE { <http://dbpedia.org/resource/Where_Everybody_Knows_Your_Name> <http://dbpedia.org/ontology/album> ?uri } 
Alexander Magleby, a rugby player is alma mater to which university?	Charles_Paul_Alexander	name	0.4548057633438909	 SELECT DISTINCT ?uri WHERE { <http://dbpedia.org/resource/Alexander_Magleby> <http://dbpedia.org/property/university> ?uri } 
List the companies operating in Australia?	Australia	operations	0.6967471413132132	 SELECT DISTINCT ?uri WHERE {?uri <http://dbpedia.org/ontology/regionServed> <http://dbpedia.org/resource/Australia> } 
Who edited  British Gazette ?	British_Gazette	editor	0.41073350006638476	 SELECT DISTINCT ?uri WHERE { <http://dbpedia.org/resource/British_Gazette> <http://dbpedia.org/property/editor> ?uri } 
What are the notableworks of Russell T Davies?	Russell_T_Davies	name	0.44684798056840896	 SELECT DISTINCT ?uri WHERE { <http://dbpedia.org/resource/Russell_T_Davies> <http://dbpedia.org/property/notableworks> ?uri } 
List the director of The Adventures of mimi ?			-inf	 SELECT DISTINCT ?uri WHERE { <http://dbpedia.org/resource/The_Adventures_of_Mimi_(video)> <http://dbpedia.org/property/director> ?uri } 
To which country does Peter Blay owe his allegiance?			-inf	 SELECT DISTINCT ?uri WHERE { <http://dbpedia.org/resource/Peter_Blay> <http://dbpedia.org/property/allegiance> ?uri } 
What are the current music bands of Chester Bennington?	Chester_Bennington	producer	0.37961900144009914	 SELECT DISTINCT ?uri WHERE {?uri <http://dbpedia.org/property/currentMembers> <http://dbpedia.org/resource/Chester_Bennington> } 
Which driver had the pole position in 1994 Spanish Grand Prix ?	1994_Spanish_Grand_Prix	year	0.4963515494221878	 SELECT DISTINCT ?uri WHERE { <http://dbpedia.org/resource/1994_Spanish_Grand_Prix> <http://dbpedia.org/ontology/poleDriver> ?uri } 
Who all are known to play the Gibson Guitar Corporation?	Gibson_Guitar_Corporation	successor	0.3541194572191276	 SELECT DISTINCT ?uri WHERE {?uri <http://dbpedia.org/property/notableInstruments> <http://dbpedia.org/resource/Gibson_Guitar_Corporation> } 
Name the partners of Kelly Brook?	Kelly_Brook	partner	0.8414349339051166	 SELECT DISTINCT ?uri WHERE { <http://dbpedia.org/resource/Kelly_Brook> <http://dbpedia.org/ontology/partner> ?uri } 
Who is married to Gerard Piqu?			-inf	SELECT DISTINCT ?uri WHERE {?uri <http://dbpedia.org/property/partner> <http://dbpedia.org/resource/Gerard_Piqué>  . }
What are the nicknames given to the characters of The Wolves of the Mercy Falls?	The_American_Wolves	names	0.6168262646946125	 SELECT DISTINCT ?uri WHERE { <http://dbpedia.org/resource/List_of_The_Wolves_of_Mercy_Falls_characters> <http://dbpedia.org/property/nickname> ?uri } 
what is the headquarters of Juan Dalmau Ramerez?	Juan_Dalmau_Ramírez	organization	0.4824778045080339	 SELECT DISTINCT ?uri WHERE { <http://dbpedia.org/resource/Juan_Dalmau_Ramírez> <http://dbpedia.org/property/headquarters> ?uri } 
What is the religious affiliation of Neungin High School?			-inf	 SELECT DISTINCT ?uri WHERE { <http://dbpedia.org/resource/Neungin_High_School> <http://dbpedia.org/property/religiousAffiliation> ?uri } 
Who is the owner of the South end ?			-inf	 SELECT DISTINCT ?uri WHERE { <http://dbpedia.org/resource/The_South_End> <http://dbpedia.org/property/owners> ?uri } 
What is the colour of Xocolatlite ?	Xocolatlite	colour	0.9999999999999997	 SELECT DISTINCT ?uri WHERE { <http://dbpedia.org/resource/Xocolatlite> <http://dbpedia.org/ontology/colour> ?uri } 
What developed EMMS?	EMMS	developer	0.4631309299532858	 SELECT DISTINCT ?uri WHERE { <http://dbpedia.org/resource/EMMS> <http://dbpedia.org/ontology/developer> ?uri } 
In which time zone is Pong Pha?	Pong	name	0.4548057633438909	 SELECT DISTINCT ?uri WHERE { <http://dbpedia.org/resource/Pong_Pha> <http://dbpedia.org/ontology/timeZone> ?uri } 
What honours did Reigh Count receive?	Reigh_Count	honours	0.9999999999999994	 SELECT DISTINCT ?uri WHERE { <http://dbpedia.org/resource/Reigh_Count> <http://dbpedia.org/ontology/honours> ?uri } 
In which city wasThe Triple Door (The Courage album)  performed live?	City	subject	0.426713266710522	 SELECT DISTINCT ?uri WHERE { <http://dbpedia.org/resource/Live_at_The_Triple_Door_(The_Courage_album)> <http://dbpedia.org/property/recorded> ?uri } 
List the battles fought by  Ali Habib Mahmud ?	Ali_Habib_Mahmud	battle	0.8717095441656081	 SELECT DISTINCT ?uri WHERE { <http://dbpedia.org/resource/Ali_Habib_Mahmud> <http://dbpedia.org/property/battles> ?uri } 
Name the local authority of Trinity School, Brentwood ?	Local_government	subject	0.4114652955766543	 SELECT DISTINCT ?uri WHERE { <http://dbpedia.org/resource/Trinity_School,_Brentwood> <http://dbpedia.org/ontology/localAuthority> ?uri } 
Name the president of Wyche Fowler ?	Wyche_Fowler	president	0.9999999999999997	 SELECT DISTINCT ?uri WHERE { <http://dbpedia.org/resource/Wyche_Fowler> <http://dbpedia.org/ontology/president> ?uri } 
To which educational institute does Cornell University Press belong to?	Cornell_University_Press	publications	0.4926140739987398	 SELECT DISTINCT ?uri WHERE { <http://dbpedia.org/resource/Cornell_University_Press> <http://dbpedia.org/ontology/parentCompany> ?uri } 
Philadelphia City Council is the governing body of which city?	City	city	0.6938572503666197	 SELECT DISTINCT ?uri WHERE {?uri <http://dbpedia.org/property/governingBody> <http://dbpedia.org/resource/Philadelphia_City_Council> } 
What are the binomial authority of Menetries's warbler?	Binomial_nomenclature	subject	0.4202431214347204	 SELECT DISTINCT ?uri WHERE { <http://dbpedia.org/resource/Menetries's_warbler> <http://dbpedia.org/ontology/binomialAuthority> ?uri } 
Which state does Jerome B. Chaffee belong ?	Jerome	name	0.4661069340619231	 SELECT DISTINCT ?uri WHERE { <http://dbpedia.org/resource/Jerome_B._Chaffee> <http://dbpedia.org/property/state> ?uri } 
Name  the Pole driver of 1994 Spanish Grand Prix ?	1994_Spanish_Grand_Prix	name	0.6214198142498423	 SELECT DISTINCT ?uri WHERE { <http://dbpedia.org/resource/1994_Spanish_Grand_Prix> <http://dbpedia.org/property/poleDriver> ?uri } 
What is Naval Support Activity Naples a part of?	Naval_Support_Activity_Naples	name	0.4548057633438909	 SELECT DISTINCT ?uri WHERE { <http://dbpedia.org/resource/Naval_Support_Activity_Naples> <http://dbpedia.org/ontology/type> ?uri } 
What is the successor of PlayStation 4	PlayStation_4	successor	1.0	SELECT DISTINCT ?uri WHERE {?uri <http://dbpedia.org/property/successor> <http://dbpedia.org/resource/PlayStation_4>  . }
What is the location country of Teperberg 1870 ?			-inf	 SELECT DISTINCT ?uri WHERE { <http://dbpedia.org/resource/Teperberg_1870> <http://dbpedia.org/property/locationCountry> ?uri } 
What type of engines are utilised by Purvis Eureka?	Purvis_Eureka	engine	0.8953840317036422	 SELECT DISTINCT ?uri WHERE { <http://dbpedia.org/resource/Purvis_Eureka> <http://dbpedia.org/property/engine> ?uri } 
Who edited Easy street ?	Easy_Street_Records	subject	0.3145253283988022	 SELECT DISTINCT ?uri WHERE { <http://dbpedia.org/resource/Easy_Street_(film)> <http://dbpedia.org/ontology/editing> ?uri } 
List the territory of Tonkin Campaign ?	Tonkin_Campaign	territory	1.0	 SELECT DISTINCT ?uri WHERE { <http://dbpedia.org/resource/Tonkin_Campaign> <http://dbpedia.org/ontology/territory> ?uri } 
For which teams did Ryan Powell play for?			-inf	 SELECT DISTINCT ?uri WHERE { <http://dbpedia.org/resource/Ryan_Powell_(lacrosse)> <http://dbpedia.org/ontology/team> ?uri } 
Name the club of Julie Hastings ?	Julie_Hastings	club	0.9999999999999994	 SELECT DISTINCT ?uri WHERE { <http://dbpedia.org/resource/Julie_Hastings> <http://dbpedia.org/ontology/club> ?uri } 
From where does the river Upper Neretva start flowing?	Upper_Neretva	river	0.9999999999999999	 SELECT DISTINCT ?uri WHERE { <http://dbpedia.org/resource/Upper_Neretva> <http://dbpedia.org/ontology/riverMouth> ?uri } 
By what style was Providence Chapel, Charlwood made?	Charlwood	point	0.6604885830674652	 SELECT DISTINCT ?uri WHERE { <http://dbpedia.org/resource/Providence_Chapel,_Charlwood> <http://dbpedia.org/property/style> ?uri } 
list some companies founded by Jim Harris.			-inf	 SELECT DISTINCT ?uri WHERE {?uri <http://dbpedia.org/ontology/foundedBy> <http://dbpedia.org/resource/Jim_Harris_(entrepreneur)> } 
Where was david Scherman trained ?	David_Scherman	training	0.6609478254850387	 SELECT DISTINCT ?uri WHERE { <http://dbpedia.org/resource/David_Scherman> <http://dbpedia.org/property/training> ?uri } 
Which nationalist group was responsible for foundation of Young Lords?	Young_Lords	ideology	0.6413614797806179	 SELECT DISTINCT ?uri WHERE { <http://dbpedia.org/resource/Young_Lords> <http://dbpedia.org/property/international> ?uri } 
Count all the stateless people	Statelessness	country	0.5106149718653374	SELECT DISTINCT COUNT(?uri) WHERE {?uri <http://dbpedia.org/ontology/citizenship> <http://dbpedia.org/resource/Statelessness>  . }
Josef Bhler belongs to which political party?	Political_party	subject	0.426713266710522	 SELECT DISTINCT ?uri WHERE { <http://dbpedia.org/resource/Josef_Bühler> <http://dbpedia.org/ontology/occupation> ?uri } 
What novels are belong to the genre of Utopian and dystopian fiction?	Utopian_and_dystopian_fiction	genre	0.9999999999999997	 SELECT DISTINCT ?uri WHERE {?uri <http://dbpedia.org/ontology/literaryGenre> <http://dbpedia.org/resource/Utopian_and_dystopian_fiction> } 
What is the largest city of Pulau Ubin ?	Pulau_Ubin	country	0.4936648752289961	 SELECT DISTINCT ?uri WHERE { <http://dbpedia.org/resource/Pulau_Ubin> <http://dbpedia.org/ontology/largestCity> ?uri } 
How many apes are there?			-inf	SELECT DISTINCT COUNT(?uri) WHERE {?uri <http://dbpedia.org/ontology/family> <http://dbpedia.org/resource/Ape>  . }
Name the appointer of William Clark ?	William_Clark	appointer	0.9999999999999996	 SELECT DISTINCT ?uri WHERE { <http://dbpedia.org/resource/William_Clark> <http://dbpedia.org/property/appointer> ?uri } 
in which movies have momoki kochi acted			-inf	 SELECT DISTINCT ?uri WHERE {?uri <http://dbpedia.org/property/starring> <http://dbpedia.org/resource/Momoko_Kōchi> } 
Music of how many things has been given by Akira Ifukube?	Akira_Ifukube	writer	0.3262709565937462	SELECT DISTINCT COUNT(?uri) WHERE {?uri <http://dbpedia.org/property/music> <http://dbpedia.org/resource/Akira_Ifukube>  . }
Name the awards won by Elie Wiesel ?	Elie_Wiesel	award	0.9041392320507623	 SELECT DISTINCT ?uri WHERE { <http://dbpedia.org/resource/Elie_Wiesel> <http://dbpedia.org/property/awards> ?uri } 
Who are the producers of Marie Sisters?	Marie_Sisters	name	0.44684798056840896	 SELECT DISTINCT ?uri WHERE { <http://dbpedia.org/resource/Marie_Sisters> <http://dbpedia.org/property/producer> ?uri } 
What is the origin of Xynisteri?	Xynisteri	origin	0.9999999999999996	 SELECT DISTINCT ?uri WHERE { <http://dbpedia.org/resource/Xynisteri> <http://dbpedia.org/ontology/origin> ?uri } 
Who are currently playing for Barcelona FC?	FC_Barcelona	after	0.4793136999714732	 SELECT DISTINCT ?uri WHERE {?uri <http://dbpedia.org/property/currentclub> <http://dbpedia.org/resource/FC_Barcelona> } 
Who is the owner of Saumarez ?	HMS_Saumarez	subject	0.4114652955766543	 SELECT DISTINCT ?uri WHERE { <http://dbpedia.org/resource/Saumarez_(horse)> <http://dbpedia.org/ontology/owner> ?uri } 
Name the alma mater of Ernest de Saisset ?	Ernest_de_Saisset	name	0.6214198142498423	 SELECT DISTINCT ?uri WHERE { <http://dbpedia.org/resource/Ernest_de_Saisset> <http://dbpedia.org/ontology/almaMater> ?uri } 
Where does John A Danaher III work?	Danaher_Corporation	name	0.4661069340619231	 SELECT DISTINCT ?uri WHERE { <http://dbpedia.org/resource/John_A._Danaher_III> <http://dbpedia.org/property/office> ?uri } 
Where was Live in Detroit, MI recorded ?	Michigan	years	0.5295111814266679	 SELECT DISTINCT ?uri WHERE { <http://dbpedia.org/resource/Live_in_Detroit,_MI> <http://dbpedia.org/ontology/recordedIn> ?uri } 
What are some apes?			-inf	SELECT DISTINCT ?uri WHERE {?uri <http://dbpedia.org/ontology/family> <http://dbpedia.org/resource/Ape>  . }
Name the municipality of Roberto Clemente Bridge ?	Roberto_Clemente_Bridge	municipality	0.9999999999999999	 SELECT DISTINCT ?uri WHERE { <http://dbpedia.org/resource/Roberto_Clemente_Bridge> <http://dbpedia.org/ontology/municipality> ?uri } 
List all the notable works of  Russell T Davies?	Russell_T_Davies	name	0.44684798056840896	 SELECT DISTINCT ?uri WHERE { <http://dbpedia.org/resource/Russell_T_Davies> <http://dbpedia.org/ontology/notableWork> ?uri } 
What is the launch site of Aquarius (rocket) ?			-inf	 SELECT DISTINCT ?uri WHERE { <http://dbpedia.org/resource/Aquarius_(rocket)> <http://dbpedia.org/ontology/launchSite> ?uri } 
Who is the music composer of Kenny Dies ?	Kenny_Dies	writer	0.5363377144997924	 SELECT DISTINCT ?uri WHERE { <http://dbpedia.org/resource/Kenny_Dies> <http://dbpedia.org/ontology/musicComposer> ?uri } 
What is the programme format of WWTR ?	WWTR	point	0.5351885353291203	 SELECT DISTINCT ?uri WHERE { <http://dbpedia.org/resource/WWTR> <http://dbpedia.org/ontology/programmeFormat> ?uri } 
list the founders of Bream Bay ?	Bream_Bay	founder	0.7606203162961723	 SELECT DISTINCT ?uri WHERE { <http://dbpedia.org/resource/Bream_Bay> <http://dbpedia.org/property/founder> ?uri } 
Where is Denver Broncos located ?	Denver_Broncos	name	0.4548057633438909	 SELECT DISTINCT ?uri WHERE { <http://dbpedia.org/resource/Denver_Broncos> <http://dbpedia.org/ontology/locationCity> ?uri } 
Raymond Johansen is the mayor of what city?	Mayor	mayor	0.5818867121583947	SELECT DISTINCT ?uri WHERE {?uri <http://dbpedia.org/ontology/leaderName> <http://dbpedia.org/resource/Raymond_Johansen>  . }
Which team won the American Football League?	American_Football_League	country	0.4614393112575572	 SELECT DISTINCT ?uri WHERE { <http://dbpedia.org/resource/American_Football_League> <http://dbpedia.org/property/champion> ?uri } 
Where was James H. Fields buried ?	LeBron_James	name	0.4061430195650339	 SELECT DISTINCT ?uri WHERE { <http://dbpedia.org/resource/James_H._Fields> <http://dbpedia.org/property/placeofburial> ?uri } 
What is the commander of Battle of Brownstown ?			-inf	 SELECT DISTINCT ?uri WHERE { <http://dbpedia.org/resource/Battle_of_Brownstown> <http://dbpedia.org/ontology/commander> ?uri } 
What is Jon Speelman famous for?	Jon_Speelman	name	0.4548057633438909	 SELECT DISTINCT ?uri WHERE { <http://dbpedia.org/resource/Jon_Speelman> <http://dbpedia.org/ontology/field> ?uri } 
Where was Ne daj se, Nina first aired ?			-inf	 SELECT DISTINCT ?uri WHERE { <http://dbpedia.org/resource/Ne_daj_se,_Nina> <http://dbpedia.org/property/firstAired> ?uri } 
Where did the 2015 MLS All-Star Game take place?	2015_MLS_All-Star_Game	time	0.641251526617466	 SELECT DISTINCT ?uri WHERE { <http://dbpedia.org/resource/2015_MLS_All-Star_Game> <http://dbpedia.org/property/city> ?uri } 
What is the name of the homeground of football team Panionios G.S.S.?	Association_football	name	0.9999999999999996	 SELECT DISTINCT ?uri WHERE { <http://dbpedia.org/resource/2013–14_Panionios_G.S.S._season> <http://dbpedia.org/ontology/ground> ?uri } 
What is the district of Methodist Central Hall Westminster ?			-inf	 SELECT DISTINCT ?uri WHERE { <http://dbpedia.org/resource/Methodist_Central_Hall_Westminster> <http://dbpedia.org/ontology/district> ?uri } 
How many people used to play in the youthclub of FC Barcelona?	FC_Barcelona	after	0.5420052701623327	SELECT DISTINCT COUNT(?uri) WHERE {?uri <http://dbpedia.org/property/youthclubs> <http://dbpedia.org/resource/FC_Barcelona>  . }
Who is the chancellor of Falmouth University ?	Falmouth_University	chancellor	0.9999999999999998	 SELECT DISTINCT ?uri WHERE { <http://dbpedia.org/resource/Falmouth_University> <http://dbpedia.org/property/chancellor> ?uri } 
what kind of things play on WBIG FM?	WWBG	point	0.6604885830674652	 SELECT DISTINCT ?uri WHERE { <http://dbpedia.org/resource/WBIG-FM> <http://dbpedia.org/ontology/programmeFormat> ?uri } 
What is the citizenship of Saima Chowdhury?	Saima_Chowdhury	citizenship	0.9999999999999996	 SELECT DISTINCT ?uri WHERE { <http://dbpedia.org/resource/Saima_Chowdhury> <http://dbpedia.org/ontology/citizenship> ?uri } 
What are the musical performances whose label is Celluloid Records?	Celluloid_Records	recordLabel	0.07750412294226353	SELECT DISTINCT ?uri WHERE {?uri <http://dbpedia.org/property/label> <http://dbpedia.org/resource/Celluloid_Records>  . }
Where was Al-Muzaffar Umar buried ?	Al-Muzaffar_Umar	name	0.4061430195650339	 SELECT DISTINCT ?uri WHERE { <http://dbpedia.org/resource/Al-Muzaffar_Umar> <http://dbpedia.org/property/placeOfBurial> ?uri } 
List the guests of On Broadway ?	Broadway_theatre	subject	0.4114652955766543	 SELECT DISTINCT ?uri WHERE { <http://dbpedia.org/resource/On_Broadway_(Smash)> <http://dbpedia.org/property/guests> ?uri } 
What is the official name of Colorado wine ?	Colorado	name	0.9999999999999996	 SELECT DISTINCT ?uri WHERE { <http://dbpedia.org/resource/Colorado_wine> <http://dbpedia.org/property/officialName> ?uri } 
who developed google videos?	Google_Videos	owner	0.4510934835687688	 SELECT DISTINCT ?uri WHERE { <http://dbpedia.org/resource/Google_Videos> <http://dbpedia.org/property/developer> ?uri } 
Who is the child of John Tyler, Sr.?			-inf	 SELECT DISTINCT ?uri WHERE { <http://dbpedia.org/resource/John_Tyler,_Sr.> <http://dbpedia.org/ontology/child> ?uri } 
What royalties's sepulchre is Mausoleum of Augustus?	Augustus	with	0.5374126045576182	 SELECT DISTINCT ?uri WHERE {?uri <http://dbpedia.org/property/placeOfBurial> <http://dbpedia.org/resource/Mausoleum_of_Augustus> } 
What is the automobile platform of Chiva bus ?	Chiva_bus	engine	0.4692972840876343	 SELECT DISTINCT ?uri WHERE { <http://dbpedia.org/resource/Chiva_bus> <http://dbpedia.org/ontology/automobilePlatform> ?uri } 
Who are the animator of The Skeleton Dance?	The_Skeleton_Dance	animator	0.9999999999999996	 SELECT DISTINCT ?uri WHERE { <http://dbpedia.org/resource/The_Skeleton_Dance> <http://dbpedia.org/ontology/animator> ?uri } 
Name the parent company of  Ford Air Transport Service ?	Ford_Air_Transport_Service	industry	0.6511407524678418	 SELECT DISTINCT ?uri WHERE { <http://dbpedia.org/resource/Ford_Air_Transport_Service> <http://dbpedia.org/ontology/parentCompany> ?uri } 
To whom was Tessa Dahl born to?	Tessa_Dahl	spouse	0.46761357746787574	 SELECT DISTINCT ?uri WHERE { <http://dbpedia.org/resource/Tessa_Dahl> <http://dbpedia.org/ontology/parent> ?uri } 
What is the government type of Ancient Rome ?	Ancient_Rome	country	0.5992879740606454	 SELECT DISTINCT ?uri WHERE { <http://dbpedia.org/resource/Ancient_Rome> <http://dbpedia.org/ontology/governmentType> ?uri } 
Where was Girls (The Prodigy song)  recorded ?			-inf	 SELECT DISTINCT ?uri WHERE { <http://dbpedia.org/resource/Girls_(The_Prodigy_song)> <http://dbpedia.org/property/recorded> ?uri } 
List the  outflow of Lake Uniamsi?	Tropical_cyclone	subject	0.4114652955766543	 SELECT DISTINCT ?uri WHERE { <http://dbpedia.org/resource/Lake_Uniamési> <http://dbpedia.org/ontology/outflow> ?uri } 
Name the incumbent of Linda Jenness ?	Linda_Jenness	incumbent	1.0000000000000002	 SELECT DISTINCT ?uri WHERE { <http://dbpedia.org/resource/Linda_Jenness> <http://dbpedia.org/ontology/incumbent> ?uri } 
Where is the headquarters of Sigma TV	Sigma_TV	country	0.4614393112575572	 SELECT DISTINCT ?uri WHERE { <http://dbpedia.org/resource/Sigma_TV> <http://dbpedia.org/property/headquarters> ?uri } 
List the people residing in Wilton, Connecticut?			-inf	 SELECT DISTINCT ?uri WHERE {?uri <http://dbpedia.org/property/residence> <http://dbpedia.org/resource/Wilton,_Connecticut> } 
Who was the First Driver of 1999 San Marino Grand Prix ?	1999_San_Marino_Grand_Prix	year	0.4972960929035682	 SELECT DISTINCT ?uri WHERE { <http://dbpedia.org/resource/1999_San_Marino_Grand_Prix> <http://dbpedia.org/property/firstDriver> ?uri } 
Give me someone on the board of trinity house?	Trinity_House	board	0.9999999999999997	SELECT DISTINCT ?uri WHERE {?uri <http://dbpedia.org/ontology/board> <http://dbpedia.org/resource/Trinity_House>  . }
What are the track and field events of Jamiatu Muslim Mindanao?	Jamiatu_Muslim_Mindanao	point	0.5351885353291203	 SELECT DISTINCT ?uri WHERE { <http://dbpedia.org/resource/Jamiatu_Muslim_Mindanao> <http://dbpedia.org/property/athletics> ?uri } 
What cities are near to Nihoa which is also known as Bird Island ?	Nihoa	name	0.5713464104242597	 SELECT DISTINCT ?uri WHERE { <http://dbpedia.org/resource/Nihoa> <http://dbpedia.org/property/nearestCity> ?uri } 
God Defend New Zealand is the national anthem of which country?	God_Defend_New_Zealand	anthem	0.9999999999999997	 SELECT DISTINCT ?uri WHERE {?uri <http://dbpedia.org/property/nationalAnthem> <http://dbpedia.org/resource/God_Defend_New_Zealand> } 
What is the nationality of Aishath Saffa ?	Nationality	subject	0.4114652955766543	 SELECT DISTINCT ?uri WHERE { <http://dbpedia.org/resource/Aishath_Saffa> <http://dbpedia.org/property/nationality> ?uri } 
who was the president under whom winston bryant served as a lieutenant?	Winston_Bryant	lieutenant	0.9999999999999996	 SELECT DISTINCT ?uri WHERE {?uri <http://dbpedia.org/ontology/lieutenant> <http://dbpedia.org/resource/Winston_Bryant> } 
On what subjects was Broca's Brain written?			-inf	 SELECT DISTINCT ?uri WHERE { <http://dbpedia.org/resource/Broca's_Brain> <http://dbpedia.org/property/subject> ?uri } 
Name the city of Phil-Ellena ?	Phil-Ellena	city	0.9999999999999997	 SELECT DISTINCT ?uri WHERE { <http://dbpedia.org/resource/Phil-Ellena> <http://dbpedia.org/ontology/city> ?uri } 
Which airlines fly to Gimhae International Airport?	Gimhae_International_Airport	wikiPageWikiLink	0.08105647598288675	 SELECT DISTINCT ?uri WHERE {?uri <http://dbpedia.org/ontology/targetAirport> <http://dbpedia.org/resource/Gimhae_International_Airport> } 
GetTV is owned by which organisation?	GetTV	country	0.4604082928072079	 SELECT DISTINCT ?uri WHERE { <http://dbpedia.org/resource/GetTV> <http://dbpedia.org/ontology/parentOrganisation> ?uri } 
Whos a famous relative of anne spielberg?	Anne_Spielberg	relation	0.6546848679148757	SELECT DISTINCT ?uri WHERE {?uri <http://dbpedia.org/ontology/relation> <http://dbpedia.org/resource/Anne_Spielberg>  . }
To which city does Northeast Library belong?	Northeastern_United_States	point	0.5492921812364107	 SELECT DISTINCT ?uri WHERE { <http://dbpedia.org/resource/Northeast_Library> <http://dbpedia.org/ontology/city> ?uri } 
What are the airline hubs of Cascade Airways?	Cascade_Airways	destinations	0.5003480429126376	 SELECT DISTINCT ?uri WHERE { <http://dbpedia.org/resource/Union_of_Cambodian_Democrats> <http://dbpedia.org/ontology/ideology> ?uri } 
Who is the leader of Allgemeine SS ?	Allgemeine_SS	leader	0.9999999999999998	 SELECT DISTINCT ?uri WHERE { <http://dbpedia.org/resource/Allgemeine_SS> <http://dbpedia.org/ontology/leader> ?uri } 
Giorgos Kaminis is the mayor of what?	Mayor	post	0.473246619951353	 SELECT DISTINCT ?uri WHERE {?uri <http://dbpedia.org/ontology/mayor> <http://dbpedia.org/resource/Giorgos_Kaminis> } 
Where is the headquarters of Metro Transit (Minnesota) ?			-inf	 SELECT DISTINCT ?uri WHERE { <http://dbpedia.org/resource/Metro_Transit_(Minnesota)> <http://dbpedia.org/property/headquarters> ?uri } 
What is the venue of San Diego Comic-Con International ?	San_Diego_Comic-Con	point	0.5351885353291203	 SELECT DISTINCT ?uri WHERE { <http://dbpedia.org/resource/San_Diego_Comic-Con_International> <http://dbpedia.org/property/venue> ?uri } 
Which professional fighter, who is also a politician and was elected to House of Representatives of the Philippines?	Philippines	place	0.6418197703568259	 SELECT DISTINCT ?uri WHERE {?uri <http://dbpedia.org/property/occupation> <http://dbpedia.org/resource/House_of_Representatives_of_the_Philippines> } 
Name  some ww1 veterans?			-inf	SELECT DISTINCT ?uri WHERE {?uri <http://dbpedia.org/property/battles> <http://dbpedia.org/resource/World_War_I>  . }
Which are the predecessor of Chevrolet Caprice?	Chevrolet_Caprice	predecessor	1.0	 SELECT DISTINCT ?uri WHERE { <http://dbpedia.org/resource/Chevrolet_Caprice> <http://dbpedia.org/ontology/predecessor> ?uri } 
Who is the relative of Jim Farley (businessman) ?	James_Farley	before	0.6021068358165036	 SELECT DISTINCT ?uri WHERE { <http://dbpedia.org/resource/Jim_Farley_(businessman)> <http://dbpedia.org/property/relatives> ?uri } 
Name the institute of Alton Ochsner ?	Alton_Ochsner	name	0.6214198142498423	 SELECT DISTINCT ?uri WHERE { <http://dbpedia.org/resource/Alton_Ochsner> <http://dbpedia.org/ontology/institution> ?uri } 
Name the resting place of Fazlur Rahman Khan ?	Fazlur_Rahman_Khan	name	0.6214198142498423	 SELECT DISTINCT ?uri WHERE { <http://dbpedia.org/resource/Fazlur_Rahman_Khan> <http://dbpedia.org/ontology/restingPlace> ?uri } 
what cities are close by LoDaisKa ?			-inf	 SELECT DISTINCT ?uri WHERE { <http://dbpedia.org/resource/LoDaisKa_Site> <http://dbpedia.org/ontology/nearestCity> ?uri } 
Who is the meaning of Isa  ?			-inf	 SELECT DISTINCT ?uri WHERE { <http://dbpedia.org/resource/Isa_(name)> <http://dbpedia.org/property/meaning> ?uri } 
Name the office of Richard Coke ?	Richard_Coke	office	0.9999999999999994	 SELECT DISTINCT ?uri WHERE { <http://dbpedia.org/resource/Richard_Coke> <http://dbpedia.org/property/office> ?uri } 
Is Peter Piper Pizza in the pizza industry?	Peter_Piper_Pizza	industry	0.999999999999999	ASK WHERE { <http://dbpedia.org/resource/Peter_Piper_Pizza> <http://dbpedia.org/ontology/industry> <http://dbpedia.org/resource/Pizza> }
Is William H Blanchard buried in Colorado?	Colorado	country	0.4304328087535271	ASK WHERE { <http://dbpedia.org/resource/William_H._Blanchard> <http://dbpedia.org/property/placeofburial> <http://dbpedia.org/resource/Colorado> }
is blue lagoon island a part of the bahamas achipelago?	Blue_Lagoon_Island	point	0.5351885353291203	ASK WHERE { <http://dbpedia.org/resource/Blue_Lagoon_Island> <http://dbpedia.org/ontology/archipelago> <http://dbpedia.org/resource/The_Bahamas> }
Did the New Way party merge in the One Israel party?	One_Israel	position	0.48254203488046865	ASK WHERE { <http://dbpedia.org/resource/New_Way_(Israel)> <http://dbpedia.org/ontology/mergedIntoParty> <http://dbpedia.org/resource/One_Israel> }
Is Seattle the Ship builder of USS Marmora (IX-189)?	Seattle	point	0.5351885353291203	ASK WHERE { <http://dbpedia.org/resource/USS_Marmora_(IX-189)> <http://dbpedia.org/property/shipBuilder> <http://dbpedia.org/resource/Seattle> }
Is Tirana the largest city of Albania?	Albania	capital	0.5926216307038447	ASK WHERE { <http://dbpedia.org/resource/Albania> <http://dbpedia.org/property/largestCity> <http://dbpedia.org/resource/Tirana> }
Is Ombla originate in Croatia?	Croatia	right	0.4861873921628412	ASK WHERE { <http://dbpedia.org/resource/Ombla> <http://dbpedia.org/ontology/sourceMountain> <http://dbpedia.org/resource/Croatia> }
Did Timm Gunn guest in Sunrise (HIMYM)?	Clan_Gunn	region	0.38034037628998807	ASK WHERE { <http://dbpedia.org/resource/Sunrise_(How_I_Met_Your_Mother)> <http://dbpedia.org/property/guests> <http://dbpedia.org/resource/Tim_Gunn> }
Was Don't Bring Me Down recorded in West Germany?	West_Germany	right	0.6158816626806469	ASK WHERE { <http://dbpedia.org/resource/Don't_Bring_Me_Down> <http://dbpedia.org/property/recorded> <http://dbpedia.org/resource/West_Germany> }
Is Henry David Thoreau interested in Politics?	Henry_David_Thoreau	subject	0.4791807817485997	ASK WHERE { <http://dbpedia.org/resource/Henry_David_Thoreau> <http://dbpedia.org/property/mainInterests> <http://dbpedia.org/resource/Politics> }
Does the Ontario International Airport serve the Inland Empire?	Ontario_International_Airport	point	0.5351885353291203	ASK WHERE { <http://dbpedia.org/resource/Ontario_International_Airport> <http://dbpedia.org/property/cityServed> <http://dbpedia.org/resource/Inland_Empire> }
Is semnani one of the languages spoken in Iran?	Iran	language	0.8418356363258412	ASK WHERE { <http://dbpedia.org/resource/Iran> <http://dbpedia.org/property/languages> <http://dbpedia.org/resource/Semnani_languages> }
Was John muir one of the first to ascend a mountain on Mt hoffmann?	John_Muir	name	0.5031528202787061	ASK WHERE { <http://dbpedia.org/resource/Mount_Hoffmann> <http://dbpedia.org/ontology/firstAscentPerson> <http://dbpedia.org/resource/John_Muir> }
Was John Boehner the winner of the US House of Representatives elections in Ohio in 2010?	United_States_House_of_Representatives	election	0.9237665481149108	ASK WHERE { <http://dbpedia.org/resource/United_States_House_of_Representatives_elections_in_Ohio,_2010> <http://dbpedia.org/property/incumbent> <http://dbpedia.org/resource/John_Boehner> }
Is Hyundai Lavita assembled in Malaysia?	Hyundai_Motor_Company	reason	0.4122481996405657	ASK WHERE { <http://dbpedia.org/resource/Hyundai_Lavita> <http://dbpedia.org/ontology/assembly> <http://dbpedia.org/resource/Malaysia> }
Is the Hyundai Lavita assembled in Ulsan?	Hyundai_Motor_Company	reason	0.5842785470071035	ASK WHERE { <http://dbpedia.org/resource/Hyundai_Lavita> <http://dbpedia.org/property/assembly> <http://dbpedia.org/resource/Ulsan> }
Does Fa'a' International Airport serve tahiti too?	Tahiti	point	0.5383535320239734	ASK WHERE { <http://dbpedia.org/resource/Fa'a'ā_International_Airport> <http://dbpedia.org/property/cityServed> <http://dbpedia.org/resource/Tahiti> }
Is God Save the Queen the national anthem of United Kingdom?	United_Kingdom	anthem	0.9999999999999997	ASK WHERE { <http://dbpedia.org/resource/United_Kingdom> <http://dbpedia.org/property/nationalAnthem> <http://dbpedia.org/resource/God_Save_the_Queen> }
Was christina crawford trained by Booker T?	Christina_Crawford	name	0.32424592597912133	ASK WHERE { <http://dbpedia.org/resource/Christina_Crawford_(wrestler)> <http://dbpedia.org/property/trainer> <http://dbpedia.org/resource/Booker_T_(wrestler)> }
Is morrissey in the smiths?	Morrissey	name	0.44684798056840896	ASK WHERE { <http://dbpedia.org/resource/Morrissey> <http://dbpedia.org/ontology/associatedBand> <http://dbpedia.org/resource/The_Smiths> }
Was True Grit a novel of the western genre?	Gritstone	subject	0.4114652955766543	ASK WHERE { <http://dbpedia.org/resource/True_Grit_(novel)> <http://dbpedia.org/ontology/literaryGenre> <http://dbpedia.org/resource/Western_(genre)> }
Was Lucrezia Tornabuoni the mother of Lorenzo de' Medici?	Lucrezia_Tornabuoni	mother	0.9999999999999998	ASK WHERE { <http://dbpedia.org/resource/Lorenzo_de'_Medici> <http://dbpedia.org/property/mother> <http://dbpedia.org/resource/Lucrezia_Tornabuoni> }
Did Umkhonto we Sizwe had Nelson Mandela as a commander?	Nelson_Mandela	point	0.5803942511958708	ASK WHERE { <http://dbpedia.org/resource/Umkhonto_we_Sizwe> <http://dbpedia.org/property/notableCommanders> <http://dbpedia.org/resource/Nelson_Mandela> }
Was Kevin Rudd the PM of Julia Gillard?	Julia_Gillard	after	0.5420052701623327	ASK WHERE { <http://dbpedia.org/resource/Julia_Gillard> <http://dbpedia.org/ontology/primeMinister> <http://dbpedia.org/resource/Kevin_Rudd> }
Does Dan River flow into the Jordan Valley?	Dan_River	point	0.5351885353291203	ASK WHERE { <http://dbpedia.org/resource/Jordan_River> <http://dbpedia.org/ontology/leftTributary> <http://dbpedia.org/resource/Dan_River_(Middle_East)> }
Is Amharic the official language of Ethiopia?	Ethiopia	language	0.9999999999999997	ASK WHERE { <http://dbpedia.org/resource/Ethiopia> <http://dbpedia.org/ontology/officialLanguage> <http://dbpedia.org/resource/Amharic> }
Was Love Hurts in Short Cut Draw Blood?	Love_Hurts	years	0.4080634786543995	ASK WHERE { <http://dbpedia.org/resource/Love_Hurts> <http://dbpedia.org/property/album> <http://dbpedia.org/resource/Short_Cut_Draw_Blood> }
Is the book The Buddha and his Dhamma a book about Buddhism?	Gautama_Buddha	my	0.648933630513471	ASK WHERE { <http://dbpedia.org/resource/The_Buddha_and_His_Dhamma> <http://dbpedia.org/ontology/literaryGenre> <http://dbpedia.org/resource/Buddhism> }
Does Jevan Snead play as Quarterback?	Jevan_Snead	name	0.5037624993499371	ASK WHERE { <http://dbpedia.org/resource/Jevan_Snead> <http://dbpedia.org/property/position> <http://dbpedia.org/resource/Quarterback> }
Does Cascade Airways have a hub in Seattle?	Seattle	point	0.5182431772489159	ASK WHERE { <http://dbpedia.org/resource/Cascade_Airways> <http://dbpedia.org/ontology/hubAirport> <http://dbpedia.org/resource/Seattle> }
Was James maker in the band Noko?	LeBron_James	position	0.48254203488046865	ASK WHERE { <http://dbpedia.org/resource/Noko> <http://dbpedia.org/ontology/associatedBand> <http://dbpedia.org/resource/James_Maker> }
Was Nick Jonas a member of the Jonas Brothers?	Nick_Jonas	name	0.44684798056840896	ASK WHERE { <http://dbpedia.org/resource/Jonas_Brothers> <http://dbpedia.org/property/pastMembers> <http://dbpedia.org/resource/Nick_Jonas> }
Is jim harbaugh currently in the Michigan Wolverines?	Jim_Halpert	name	0.44684798056840896	ASK WHERE { <http://dbpedia.org/resource/Jim_Harbaugh> <http://dbpedia.org/property/currentteam> <http://dbpedia.org/resource/Michigan_Wolverines> }
Does the US route 281 have a junction at San Antonio?	San_Antonio	point	0.5351885353291203	ASK WHERE { <http://dbpedia.org/resource/U.S._Route_281> <http://dbpedia.org/property/junction> <http://dbpedia.org/resource/San_Antonio> }
Was Queen Latifah in the U.N.I.T.Y. group?	Queen_Latifah	name	0.44684798056840896	ASK WHERE { <http://dbpedia.org/resource/U.N.I.T.Y.> <http://dbpedia.org/ontology/musicalArtist> <http://dbpedia.org/resource/Queen_Latifah> }
Did Annie Leibovitz do the cover of The Road Ahead?	The_Road	country	0.4614393112575572	ASK WHERE { <http://dbpedia.org/resource/The_Road_Ahead_(Bill_Gates_book)> <http://dbpedia.org/ontology/coverArtist> <http://dbpedia.org/resource/Annie_Leibovitz> }
Is Pittsburgh Steelers the former team of Marv McFadden?	Pittsburgh_Steelers	coach	0.6098778180629828	ASK WHERE { <http://dbpedia.org/resource/Marv_McFadden> <http://dbpedia.org/property/pastteams> <http://dbpedia.org/resource/Pittsburgh_Steelers> }
Is Maria Sharapova the silver medalist of Tennis at the 2012 Summer Olympics  Women's singles?			-inf	ASK WHERE { <http://dbpedia.org/resource/Tennis_at_the_2012_Summer_Olympics_–_Women's_singles> <http://dbpedia.org/ontology/silverMedalist> <http://dbpedia.org/resource/Maria_Sharapova> }
Is Charles Drummond Ellis a doctoral student of James Chadwick?	Andre_Drummond	college	0.7411624535891539	ASK WHERE { <http://dbpedia.org/resource/James_Chadwick> <http://dbpedia.org/ontology/doctoralStudent> <http://dbpedia.org/resource/Charles_Drummond_Ellis> }
Does the St lawrence river start in Kingston, Ontario?	Saint_Lawrence_River	state	0.48169117923219307	ASK WHERE { <http://dbpedia.org/resource/Saint_Lawrence_River> <http://dbpedia.org/ontology/sourceMountain> <http://dbpedia.org/resource/Kingston,_Ontario> }
Is Mike Babcock the head coach of Toronto Maple Leafs?	Mike_Babcock	before	0.6021068358165036	ASK WHERE { <http://dbpedia.org/resource/Toronto_Maple_Leafs> <http://dbpedia.org/property/headCoach> <http://dbpedia.org/resource/Mike_Babcock> }
Is George Lucas the cinematographer of 6-18-67?	6-18-67	cinematography	0.7773172428074003	ASK WHERE { <http://dbpedia.org/resource/6-18-67> <http://dbpedia.org/property/cinematography> <http://dbpedia.org/resource/George_Lucas> }
Was John Muir the first one to ascend one of the peaks in the cathedral peak?	John_Muir	name	0.5031528202787061	ASK WHERE { <http://dbpedia.org/resource/Cathedral_Peak_(California)> <http://dbpedia.org/ontology/firstAscentPerson> <http://dbpedia.org/resource/John_Muir> }
Was Tim Gunn a guest on The Broken Code?	Tim_Gunn	residence	0.409553033176535	ASK WHERE { <http://dbpedia.org/resource/The_Broken_Code> <http://dbpedia.org/property/guests> <http://dbpedia.org/resource/Tim_Gunn> }
Was Morrissey a member of the Smiths?	Morrissey	name	0.44684798056840896	ASK WHERE { <http://dbpedia.org/resource/The_Smiths> <http://dbpedia.org/ontology/formerBandMember> <http://dbpedia.org/resource/Morrissey> }
Did Phillippe Cabot go to Columbia for studying?	Phillippe_Cabot	university	0.5410349462898042	ASK WHERE { <http://dbpedia.org/resource/Phillippe_Cabot> <http://dbpedia.org/ontology/university> <http://dbpedia.org/resource/Columbia_University> }
Was Marshall Arisman the cover artist in american psycho?	American_Psycho	author	0.4573678225597419	ASK WHERE { <http://dbpedia.org/resource/American_Psycho> <http://dbpedia.org/property/coverArtist> <http://dbpedia.org/resource/Marshall_Arisman> }
Is Egyptian Arabic belong to the Central Semitic Languages family?	Arabic	reason	0.5842785470071035	ASK WHERE { <http://dbpedia.org/resource/Egyptian_Arabic> <http://dbpedia.org/ontology/languageFamily> <http://dbpedia.org/resource/Central_Semitic_languages> }
Was Francisco Pizarro of the monarch of Charles 5, of the roman empire?	Francisco_Pizarro	monarch	0.9999999999999999	ASK WHERE { <http://dbpedia.org/resource/Francisco_Pizarro> <http://dbpedia.org/ontology/monarch> <http://dbpedia.org/resource/Charles_V,_Holy_Roman_Emperor> }
Is Andrew Lincoln the narrator of Million Dollar Traders?	Andrew_Lincoln	name	0.44684798056840896	ASK WHERE { <http://dbpedia.org/resource/Million_Dollar_Traders> <http://dbpedia.org/ontology/narrator> <http://dbpedia.org/resource/Andrew_Lincoln> }
Is the Hyundai Lavita assembled in Kulim?	Hyundai_Motor_Company	reason	0.5842785470071035	ASK WHERE { <http://dbpedia.org/resource/Hyundai_Lavita> <http://dbpedia.org/ontology/assembly> <http://dbpedia.org/resource/Kulim> }
Is Essex the Ceremonial County of West Tilbury?	Essex	west	0.6169160837079181	ASK WHERE { <http://dbpedia.org/resource/West_Tilbury> <http://dbpedia.org/ontology/ceremonialCounty> <http://dbpedia.org/resource/Essex> }
Does Mauritius follow a parliamentary republic?	Mauritius	legislature	0.5242955322963934	ASK WHERE { <http://dbpedia.org/resource/Mauritius> <http://dbpedia.org/property/governmentType> <http://dbpedia.org/resource/Parliamentary_republic> }
Did Jerry Rice study in Oktoc Mississippi?	Mississippi	country	0.4304328087535271	ASK WHERE { <http://dbpedia.org/resource/Jerry_Rice> <http://dbpedia.org/property/highSchool> <http://dbpedia.org/resource/Oktoc,_Mississippi> }
Is north caucasian emirate have an islamic government?	North_Caucasian_Emirate	capital	0.5420071473406705	ASK WHERE { <http://dbpedia.org/resource/North_Caucasian_Emirate> <http://dbpedia.org/ontology/governmentType> <http://dbpedia.org/resource/Islam> }
Is fox belong to the phylum of Chordate?	Fox	phylum	0.9999999999999998	ASK WHERE { <http://dbpedia.org/resource/Fox> <http://dbpedia.org/ontology/phylum> <http://dbpedia.org/resource/Chordate> }
Is Henry Knox a commander of Continental Artillery Regiment?	Henry_Knox	years	0.42062798472475155	ASK WHERE { <http://dbpedia.org/resource/Continental_Artillery_Regiment> <http://dbpedia.org/ontology/notableCommander> <http://dbpedia.org/resource/Henry_Knox> }
Is Baker's Dozen Donuts in the coffee industry?	John_Gilbert_Baker	name	0.44684798056840896	ASK WHERE { <http://dbpedia.org/resource/Baker's_Dozen_Donuts> <http://dbpedia.org/ontology/industry> <http://dbpedia.org/resource/Coffee> }
Is Nikolai Morozov the former coach of Stanislav Morozov?	Nikolai_Petrovich_Morozov	team	0.6098778180629828	ASK WHERE { <http://dbpedia.org/resource/Stanislav_Morozov> <http://dbpedia.org/ontology/formerCoach> <http://dbpedia.org/resource/Nikolai_Morozov_(figure_skater)> }
Did Alexandre Tichonov study at the Moscow university?	Alexandre_Tichonov	university	0.9999999999999994	ASK WHERE { <http://dbpedia.org/resource/Alexandre_Tichonov> <http://dbpedia.org/property/university> <http://dbpedia.org/resource/Moscow> }
Does Timothy Morton study Buddhism?	Timothy_Morton	subject	0.39125532247813755	ASK WHERE { <http://dbpedia.org/resource/Timothy_Morton> <http://dbpedia.org/property/mainInterests> <http://dbpedia.org/resource/Buddhism> }
Does Chicago own the Monroe Station?	Chicago	point	0.5351885353291203	ASK WHERE { <http://dbpedia.org/resource/Monroe_station_(CTA_Blue_Line)> <http://dbpedia.org/property/owned> <http://dbpedia.org/resource/Chicago> }
Was andy warhol a part of Pop Art movement?			-inf	ASK WHERE { <http://dbpedia.org/resource/Andy_Warhol> <http://dbpedia.org/property/movement> <http://dbpedia.org/resource/Pop_art> }
Did Bob Dylan write the lyrics of the times they are a changin'?	Bob_Dylan	show	0.530778793077519	ASK WHERE { <http://dbpedia.org/resource/The_Times_They_Are_a-Changin'_(musical)> <http://dbpedia.org/property/lyrics> <http://dbpedia.org/resource/Bob_Dylan> }
Is Brazilian jiu-jitsu the trainer of Nick Diaz?	Nick_Diaz	trainer	0.9999999999999999	ASK WHERE { <http://dbpedia.org/resource/Nick_Diaz> <http://dbpedia.org/ontology/trainer> <http://dbpedia.org/resource/Brazilian_jiu-jitsu> }
Is Cologny a neighbouring city of Geneva?	Cologny	district	0.6325095940566887	ASK WHERE { <http://dbpedia.org/resource/Geneva> <http://dbpedia.org/property/neighboringMunicipalities> <http://dbpedia.org/resource/Cologny> }
Did Raymond Picard take birth in Paris?	Jean-Luc_Picard	born	0.661035163784162	ASK WHERE { <http://dbpedia.org/resource/Raymond_Picard> <http://dbpedia.org/property/birthplace> <http://dbpedia.org/resource/Paris> }
Was Elton John a chairman of a Watford FC Season?			-inf	ASK WHERE { <http://dbpedia.org/resource/1999–2000_Watford_F.C._season> <http://dbpedia.org/ontology/chairman> <http://dbpedia.org/resource/Elton_John> }
Was Cliff Burton in Metallica?	Cliff_Burton	years	0.4080634786543995	ASK WHERE { <http://dbpedia.org/resource/Metallica> <http://dbpedia.org/property/pastMembers> <http://dbpedia.org/resource/Cliff_Burton> }
Does StandBy records distribute via Sony?	Sony	point	0.38429170410802715	ASK WHERE { <http://dbpedia.org/resource/StandBy_Records> <http://dbpedia.org/ontology/distributingLabel> <http://dbpedia.org/resource/Sony> }
Did John Byrne create Emma Frost?	Emma_Frost	creator	0.38242237894635694	ASK WHERE { <http://dbpedia.org/resource/Emma_Frost> <http://dbpedia.org/property/creators> <http://dbpedia.org/resource/John_Byrne_(comics)> }
Was Heinrich Himmler ever a commanders of Army Group Oberrhein?	Heinrich_Himmler	years	0.5553014308014498	ASK WHERE { <http://dbpedia.org/resource/Army_Group_Oberrhein_(Germany)> <http://dbpedia.org/property/notableCommanders> <http://dbpedia.org/resource/Heinrich_Himmler> }
Is greasy pop recording the distributor of festival records?	Festival_Records	genre	0.5405649111312576	ASK WHERE { <http://dbpedia.org/resource/Greasy_Pop_Records> <http://dbpedia.org/ontology/distributingLabel> <http://dbpedia.org/resource/Festival_Records> }
Is Sloth in the Chordate phylum?	Sloth	phylum	1.0	ASK WHERE { <http://dbpedia.org/resource/Sloth> <http://dbpedia.org/property/phylum> <http://dbpedia.org/resource/Chordate> }
Is Albert P Clark buried in Colorado?	Colorado	country	0.4304328087535271	ASK WHERE { <http://dbpedia.org/resource/Albert_P._Clark> <http://dbpedia.org/property/placeofburial> <http://dbpedia.org/resource/Colorado> }
Is Christchurch the largest city of South Island?	Christchurch	point	0.5351885353291203	ASK WHERE { <http://dbpedia.org/resource/South_Island> <http://dbpedia.org/ontology/largestCity> <http://dbpedia.org/resource/Christchurch> }
Does AMC Gremlin have the Volkswagen engine?	AMC_Gremlin	engine	0.9999999999999993	ASK WHERE { <http://dbpedia.org/resource/AMC_Gremlin> <http://dbpedia.org/property/engine> <http://dbpedia.org/resource/Volkswagen> }
Is Anne Hidalgo the mayor of Paris?	Paris	mayor	0.9999999999999994	ASK WHERE { <http://dbpedia.org/resource/Paris> <http://dbpedia.org/ontology/mayor> <http://dbpedia.org/resource/Anne_Hidalgo> }
Is the Vadodara railway junction onwed by Indian Railway Ministry?	Vadodara_Junction_railway_station	trains	0.6733841633946647	ASK WHERE { <http://dbpedia.org/resource/Vadodara_Junction_railway_station> <http://dbpedia.org/ontology/owningOrganisation> <http://dbpedia.org/resource/Ministry_of_Railways_(India)> }
Is Latin the official language of Sovereign Military Order of Malta?	Malta	language	0.9999999999999997	ASK WHERE { <http://dbpedia.org/resource/Sovereign_Military_Order_of_Malta> <http://dbpedia.org/ontology/officialLanguage> <http://dbpedia.org/resource/Latin> }
Does Ford own the Ford Kansas Assembly plant?	Kansas	soil	0.5556609801992486	ASK WHERE { <http://dbpedia.org/resource/Ford_Kansas_City_Assembly_Plant> <http://dbpedia.org/ontology/owningOrganisation> <http://dbpedia.org/resource/Ford_Motor_Company> }
Did Stanlee write the Tales of Suspense?	Suspense	subject	0.4114652955766543	ASK WHERE { <http://dbpedia.org/resource/Tales_of_Suspense> <http://dbpedia.org/property/writers> <http://dbpedia.org/resource/Stan_Lee> }
does the US navy have the structure of command of us department of defence?	United_States	reason	0.717922040848675	ASK WHERE { <http://dbpedia.org/resource/United_States_Navy> <http://dbpedia.org/property/commandStructure> <http://dbpedia.org/resource/United_States_Department_of_Defense> }
